{"google": {"status": "success", "text": "AIR NYGELA AJ", "bounding_boxes": [{"text": "AIR", "left": 0.7228260869565217, "top": 0.3806275579809004, "width": -0.021739130434782608, "height": -0.04365620736698499}, {"text": "NYGELA", "left": 0.6480978260869565, "top": 0.2987721691678035, "width": 0.06521739130434782, "height": 0.036834924965893585}, {"text": "AJ", "left": 0.34375, "top": 0.32332878581173263, "width": -0.05298913043478261, "height": -0.0286493860845839}], "cost": 0.0015}}