{
    "الاسم": {
        "topPlusHeight": 0.6615146831530139,
        "top": 0.598145285935085,
        "leftPlusWidth": 0.958984375,
        "data": ""
    },
    "اللقب": {
        "top": 0.48377125193199383,
        "topPlusHeight": 0.5695517774343122,
        "leftPlusWidth": 0.95947265625,
        "data": ""
    },
    "بن": {
        "top": 0.4868624420401855,
        "topPlusHeight": 0.5726429675425039,
        "leftPlusWidth": 0.85888671875,
        "data": " اللقب"
    },
    "الولادة": {
        "top": 0.7758887171561051,
        "topPlusHeight": 0.8462132921174652,
        "leftPlusWidth": 0.89599609375,
        "data": " بن تاريخ مكانها"
    },
    "مكانها": {
        "top": 0.8670788253477589,
        "topPlusHeight": 0.920401854714065,
        "leftPlusWidth": 0.9501953125,
        "data": ""
    },
    "الأم": {
        "top": 0.13816280806572068,
        "topPlusHeight": 0.21807318894697536,
        "leftPlusWidth": 0.77783203125,
        "data": ""
    },
    "المهنة": {
        "top": 0.24346527259148618,
        "topPlusHeight": 0.29873039581777444,
        "leftPlusWidth": 0.759765625,
        "data": ""
    },
    "العنوان": {
        "top": 0.33980582524271846,
        "topPlusHeight": 0.42046303211351754,
        "leftPlusWidth": 0.8701171875,
        "data": ""
    },
    "في": {
        "top": 0.5511575802837939,
        "topPlusHeight": 0.6348020911127707,
        "leftPlusWidth": 0.54736328125,
        "data": ""
    },
    "cart id": {
        "data": " 13045419"
    }
}